,GCA,AAA,AAC,AAG,AAT,ACA,ACC,ACG,ACT,AGA,AGC,AGG,AGT,ATA,ATC,ATG,ATT,CAA,CAC,CAG,CAT,CCA,CCC,CCG,CCT,CGA,CGC,CGG,CGT,CTA,CTC,CTG,CTT,GAA,GAC,GAG,GAT,GCC,GCG,GCT,GGA,GGC,GGG,GGT,GTA,GTC,GTG,GTT,TAA,TAC,TAG,TAT,TCA,TCC,TCG,TCT,TGA,TGC,TGG,TGT,TTA,TTC,TTG,TTT
a,-0.188711,-0.5704695,-0.985531,-0.569577,-1.1945644,-0.8718368,-1.7292661,-0.9530348,-0.7418331,-0.7161212,-1.678439,-1.0735389,-0.9259209,-1.3165923,-0.3684998,-1.3275156,-1.0944818,-0.184955,-1.3894377,-1.2159084,-1.0034537,-1.4401055,-1.0098762,-0.9369696,-0.7685037,-0.2869348,-0.9602324,-0.9296289,-0.9242223,-0.7939924,-1.3543278,-0.8549951,-0.9111052,-0.7685037,-0.718455,-1.0033803,-0.9234839,-1.4485324,-1.1549169,-1.369499,-1.0098762,-1.2021839,-1.3420476,-1.2992505,-0.7073746,-1.0735389,-1.4496348,-1.6274401,-0.5891337,-1.2970366,-0.9560889,-1.1920846,-0.695573,-0.5704695,-0.2941598,-0.978713,-0.4712127,-0.7496158,-0.9951993,-0.6252035,-0.1525284,-0.718455,-0.6715306,-1.3420476
b,-0.09525728,-0.2310935,-0.17663626,0.45649458,-0.34293356,-0.7469916,-0.35313144,-0.65906006,-0.34343168,-0.09798722,-0.01431998,0.33681624,-0.43269458,-0.44843922,-0.39751082,-0.18101686,-0.47919096,-0.31190548,0.33438842,0.49417256,0.11047502,-0.00640122,0.46563076,-0.19947826,0.61090644,0.14337448,0.1404132,-0.22563374,-0.17684804,-0.19966704,-0.05042736,0.08686836,0.21311912,0.61090644,0.26689178,-0.0504852,0.23560056,-0.49709728,0.27420512,-0.10720396,0.46563076,0.15593288,0.11727228,-0.32719082,-0.68193416,0.33681624,-0.2861412,-0.49741008,0.19710904,-0.4325117,0.1022042,0.1273532,-0.39499414,-0.2310935,-0.45239948,0.25715406,-0.37868018,0.02489902,0.38876114,0.05748456,-0.18089556,0.26689178,-0.28856814,0.11727228
c,3.2233277,4.3356063,3.8413558,2.1728907,-0.8132313,3.2483202,3.802034,3.2983426,1.1837624,-0.8561971,2.3988581,4.2203104,1.2231621,-1.0195806,3.6844849,4.4356695,4.6491522,5.86466,3.1857232,5.8439829,3.9246531,4.9535089,4.4367153,2.9556894,5.0116825,3.8087482,4.5645024,4.3710489,4.3371538,7.6225754,6.8536779,7.0902249,3.9736019,5.0116825,3.6972881,5.9466874,3.2210653,4.7962765,2.3011008,4.3560665,4.4367153,5.6364142,3.5625787,3.6509516,4.1899233,4.2203104,4.1798662,4.0167657,2.6925145,4.6549068,2.2593566,5.526572,4.7452281,4.3356063,2.8496179,7.1764188,4.4274701,6.9338476,4.7092926,1.7860785,5.0662926,3.6972881,6.8809009,3.5625787
d,-1.29248626,4.23235716,1.11038202,-0.44366662,-0.29298186,-1.71274752,-0.49279612,-2.05998762,-2.25916584,4.07478588,3.61558066,0.92515622,3.03366366,-2.24167964,-2.77954686,-3.23292856,-0.2542509,4.5771542,1.44895504,3.32512554,4.92380368,0.2935815,1.3629436,-1.35221552,0.61468524,1.46034228,1.7009606,1.70748978,1.08844576,-1.76062918,0.74763844,-3.62834496,-1.67365202,0.61468524,0.6975804,-2.0711071,2.0441166,-1.46383176,-5.8930046,-1.68024376,1.3629436,1.8937323,0.22659658,3.55669118,-0.68012758,0.92515622,-0.93054864,0.00932306,3.43238594,2.83195768,1.49532252,-0.91169932,-0.63643518,4.23235716,-4.60666776,-2.89024464,2.89650554,2.01893312,-0.8235207,-1.33558316,-2.50793016,0.6975804,-4.91902518,0.22659658
f,0.05,0.15,0.17,0.12,0.16,0.02,-0.02,0,-0.01,0.08,0.03,0.06,-0.01,0.11,0.14,0.12,0.16,0.1,0.11,0.1,0.12,0,0.04,0.03,0.06,0.02,0.02,0.03,0,0.14,0.13,0.1,0.12,0.14,0.16,0.13,0.14,0.01,0.02,0.03,0.06,0.01,0.04,-0.02,0.16,0.16,0.11,0.17,0.12,0.16,0.14,0.11,0.06,0.06,0.02,0.08,0.06,0.05,0,0.02,0.12,0.14,0.1,0.15
g,0.02,0.01,0.02,0,0.03,0.05,0.03,0.04,0.01,0.04,0,0.03,0.01,0.04,0.03,0.02,0.03,0.01,0.01,0.02,0.02,0.02,0.03,0.02,0.03,0.03,0.02,0.02,0.04,0.04,0.02,0.02,0,0.02,0.02,0.02,0.03,0.01,0.02,0,0.03,0.01,0.03,0.03,0.03,0.02,0.01,0.02,0.03,0.03,0.04,0.04,0.04,0.03,0.03,0.04,0.04,0.02,0.02,0.05,0.03,0.02,0.01,0.01
h,0.04,-0.02,0.18,0.2,0.14,0.03,-0.07,0.07,0.18,0.1,0.21,0.27,0.18,0.09,0.05,0.03,0.14,-0.04,0.06,0.1,0.03,0.03,0.08,0.16,0.27,0.01,0.14,0.16,0.07,0.12,0.08,0.1,0.2,-0.05,0.11,0.08,0.05,0.02,0.14,0.21,-0.05,0.02,0.08,-0.07,0.05,0.11,0.06,0.18,-0.03,0.05,0.12,0.09,0.03,-0.05,0.01,0.1,0.03,0.04,0.03,0.03,-0.03,-0.05,-0.04,-0.02
i,0.748,4.748,7.451,6.778,2.38,-8.326,-10.947,-8.602,-3.41,10.641,-2.06,10.531,-3.41,-7.199,-2.528,-1.588,2.38,8.302,1.972,3.89,-1.588,6.91,8.615,7.006,10.531,7.199,0.758,7.006,-8.602,5.262,2.037,3.89,6.778,6.461,0.852,2.037,-2.528,-5.883,0.758,-2.06,7.583,-5.883,8.615,-10.947,0.582,0.852,1.972,7.451,3.807,0.582,5.262,-7.199,6.259,7.583,7.199,10.641,6.259,0.748,6.91,-8.326,3.807,6.461,8.302,4.748
j,-4.749,-15.635,-15.554,-16.59,-13.934,-2.805,-11.906,-5.675,-12.932,-7.812,-11.018,-6.85,-12.932,-5.22,-14.349,-14.484,-13.934,-8.669,-10.956,-4.639,-14.484,-3.042,-4.807,-6.356,-6.85,-4.796,-5.253,-6.356,-5.675,-8.449,-11.432,-4.639,-16.59,-13.772,-13.817,-11.432,-14.349,-11.01,-5.253,-11.018,-6.549,-11.01,-4.807,-11.906,-7.203,-13.817,-10.956,-15.554,-8.792,-7.203,-8.449,-5.22,-2.92,-6.549,-4.796,-7.812,-2.92,-4.749,-3.042,-2.805,-8.792,-13.772,-8.669,-15.635
k,0.903,2.561,1.772,3.074,1.926,1.619,1.192,1.564,0.923,1.13,0.272,0.551,0.923,2.647,1.729,2.233,1.926,3.613,2.378,2.857,2.233,1.037,0.466,0.918,0.551,1.437,0.617,0.918,1.564,3.275,2.895,2.857,3.074,2.952,1.308,2.895,1.729,0.023,0.617,0.272,0.978,0.023,0.466,1.192,2.297,1.308,2.378,1.772,4.75,2.297,3.275,2.647,1.541,0.978,1.437,1.13,1.541,0.903,1.037,1.619,4.75,2.952,3.613,2.561
t,-71.71319,-72.16648,-72.27755,-72.72767,-72.54783,-69.90077,-69.6928,-70.27653,-69.85166,-75.82796,-74.01155,-80.2575,-74.4908,-71.04265,-67.94862,-69.95431,-67.12968,-76.52227,-72.76665,-75.76004,-73.57184,-71.19717,-69.07802,-73.24814,-69.19637,-76.91839,-75.70834,-76.50149,-72.75188,-71.77671,-69.66832,-73.51176,-70.27971,-72.95559,-71.27855,-72.38791,-71.37843,-69.48049,-70.7147,-70.78014,-75.65832,-71.27578,-73.31881,-69.02453,-69.14641,-71.31109,-69.74291,-67.17549,-73.8298,-73.04409,-72.95214,-72.2712,-73.4782,-69.23073,-72.15916,-69.7703,-75.86269,-73.81826,-74.59654,-73.07206,-70.82652,-69.04882,-69.0259,-71.46832
u,167.0778,171.3449,155.9904,165.7683,160.6649,170.8319,161.6589,171.2788,171.4851,163.7606,163.3355,139.7011,178.6594,171.4867,176.2342,170.6724,177.307,167.9211,163.0225,169.2395,162.9674,172.9984,169.0977,169.4889,171.3427,165.857,168.7336,166.1588,170.985,174.4079,178.5193,161.5405,173.7304,166.667,164.7819,168.7634,167.6982,178.7212,157.3266,157.0168,159.6682,179.0398,156.8718,179.8953,176.6864,173.1035,171.2738,-178.17,171.1108,166.4918,162.6974,168.346,165.4535,172.7134,166.4724,169.912,168.056,166.822,166.5526,172.7914,170.7855,177.6808,172.5745,175.5773
v,56.04353,53.72143,52.12824,56.53837,54.18299,55.28862,55.15889,55.4878,60.42924,53.74641,52.3548,75.33564,53.28585,60.78011,56.1642,57.07235,56.56766,52.13974,52.34111,52.22902,53.14198,54.48181,57.20455,58.01307,58.53176,51.4225,50.18558,52.63409,53.16613,54.47133,54.41209,66.67597,59.98993,52.70026,52.08989,53.19932,53.14127,54.74039,54.23927,54.26578,53.53038,50.65774,51.81804,51.44114,55.2287,55.09976,55.79646,54.9955,52.09669,52.72962,52.75679,54.59951,60.50698,60.4034,61.75978,57.10895,52.57525,51.40444,51.99927,50.43681,56.04268,55.49946,56.70195,53.11207
w,134.5763,136.6333,141.2387,137.3245,137.5535,128.8696,134.1221,132.3954,129.6069,140.0338,140.7976,139.002,133.6459,131.9543,130.1175,131.9174,127.1534,140.6319,140.9891,138.8087,139.9407,132.136,131.9826,130.4203,128.0602,141.6478,140.4712,142.3004,138.239,128.7172,129.5681,132.7923,128.0322,139.3827,139.955,138.5493,137.698,135.6471,135.9564,136.5962,140.354,137.8057,140.6972,133.4342,130.8144,130.7123,134.0348,130.3422,136.7505,138.5066,140.0267,134.119,128.2705,126.6002,132.3796,128.886,140.2767,139.3444,140.4398,134.313,130.3082,133.4914,124.1356,132.1739
x,-158.0821,-160.849,-171.8112,-164.4114,-173.3798,-156.1875,-166.3675,-159.9699,-172.5953,-147.3674,-158.8062,-156.4824,-174.7073,-163.3902,-168.3398,-154.538,-173.6383,-132.8413,-168.799,-151.2219,-177.4088,-157.6707,-162.7845,-155.3859,-168.0454,-137.1134,-144.3063,-151.4369,-165.6159,-158.7914,-169.0695,-157.1397,-171.6272,-161.5514,-174.0813,-163.5996,-176.7584,-168.4363,-157.9876,-171.4599,-150.959,-172.1409,-160.8712,-176.7691,-158.2503,-169.1248,-162.7963,-172.4672,-145.4192,-152.9475,-156.0163,-169.9995,-152.8437,-174.8959,-156.6651,-168.4331,-129.3563,-137.7811,-147.9884,-154.2979,-147.7094,-169.028,-161.4962,-162.4267
y,-114.67776,-108.86519,-111.59281,-111.66812,-116.46274,-114.45656,-116.9467,-113.26328,-122.98519,-106.34929,-108.86054,-121.91871,-117.91536,-115.45682,-114.1801,-111.47282,-118.51954,-98.76933,-112.98389,-102.06903,-116.10151,-115.12867,-115.23283,-116.5641,-114.12768,-98.23025,-101.78634,-100.8668,-112.95828,-113.39885,-116.20769,-118.34437,-120.93966,-108.10142,-113.4988,-110.1337,-118.5409,-117.71431,-117.10146,-122.6333,-110.20313,-117.54566,-112.90131,-123.31888,-113.36477,-122.71347,-111.18406,-117.70994,-99.04675,-107.75626,-105.70395,-114.04671,-113.18865,-118.7532,-116.02958,-115.86763,-95.84216,-102.83341,-102.55304,-110.16356,-106.37027,-113.93899,-113.21744,-115.75541
z,-100.70394,-121.5903,-95.20774,-111.59663,-92.93232,-114.28171,-101.48541,-113.85939,-92.71866,-134.1579,-126.87564,-103.04502,-96.79762,-94.62157,-100.26347,-112.47107,-94.25195,-165.83319,-103.01725,-115.40174,-96.6605,-106.90006,-101.39861,-101.06443,-105.27155,-158.26206,-143.87237,-125.83815,-110.20894,-117.9284,-103.46182,-101.38595,-94.22513,-110.0137,-97.89885,-100.98748,-93.81253,-96.44014,-103.09276,-91.71548,-124.8596,-98.73699,-112.0115,-98.32631,-114.33759,-92.72392,-99.65859,-94.61856,-127.48369,-131.23463,-115.76461,-99.64867,-113.97629,-94.94647,-98.19773,-95.39386,-173.33207,-162.10302,-130.09656,-133.0427,-135.48549,-104.85541,-98.21623,-103.00067
aa,151.8173,152.0133,165.8354,154.3361,161.3992,139.9619,149.8841,143.8227,144.6898,155.1104,157.1129,157.5381,152.2948,145.2705,142.7331,143.4997,141.019,151.8514,163.8834,154.8028,166.1838,146.5625,146.8323,144.2744,139.6178,155.6264,155.1767,161.0762,160.1161,137.9927,142.4883,146.3612,142.4974,160.3939,163.7275,157.8642,163.4069,154.6883,153.1155,156.129,158.8395,158.4303,162.1888,152.7012,142.5552,147.7306,148.4556,146.6567,148.8994,154.9161,161.5599,155.6258,139.36,140.6348,148.1357,143.243,151.3872,150.0677,157.8428,148.374,138.6459,148.0774,133.3698,146.782
ab,39.52596,42.6611,38.88063,41.9715,38.59332,42.68946,41.31894,44.3625,41.07605,43.42207,43.41778,41.34921,40.90274,42.26045,42.48081,42.76021,40.88483,44.93115,39.78198,42.32426,38.04946,41.02809,41.08219,40.80024,41.95827,43.7724,43.972,41.78376,40.07267,43.36776,41.9018,41.62947,40.27539,40.281,39.29483,40.99462,38.10749,39.7283,40.23036,39.32331,41.77758,40.99451,40.74947,40.77534,41.94341,39.80224,41.53186,39.55924,44.39025,42.74206,40.6057,39.47914,41.63021,39.90285,39.72145,40.78708,45.31072,46.22601,42.45471,43.48592,43.43792,41.65891,40.89107,41.54555
ac,0.49,0.93,0.57,0.82,1,0.13,0.86,0.3,0.01,0.15,0.27,0.03,0.01,0.94,0.25,0.15,1,0.18,0.07,0.03,0.15,0.02,1,0.85,0.03,0.41,0.98,0.85,0.3,0.33,0.07,0.03,0.82,-0.19,0.09,0.07,0.25,0.9,0.98,0.27,0.85,0.9,1,0.86,0.2,0.09,0.07,0.57,0.85,0.2,0.33,0.94,0.18,0.85,0.41,0.15,0.18,0.49,0.02,0.13,0.85,0.19,0.18,0.93
ad,0.38,0.56,0.1,0.87,0.29,0.07,0.49,0.71,0.48,0.74,0.24,1,0.48,0.41,0.1,0.15,0.29,0.26,0.25,0.2,0.15,0.81,0.97,0.14,1,0.1,1,0.14,0.71,0.12,0.75,0.2,0.87,0.5,0.01,0.75,0.1,0.13,1,0.24,0.66,0.13,0.97,0.49,0.11,0.01,0.25,0.1,0.65,0.11,0.12,0.41,0.23,0.66,0.1,0.74,0.23,0.38,0.81,0.07,0.65,0.5,0.26,0.56
ae,-346.8,-347.8,-347.3,-353.5,-348,-351.6,-347.9,-349.7,-340.4,-342,-334.5,-344.7,-340.4,-355.8,-341.1,-355.7,-348,-351.5,-356.3,-372.7,-355.7,-348,-329.4,-349.2,-344.7,-351.3,-345.6,-349.2,-349.7,-356.8,-348.9,-372.7,-353.5,-347,-340.7,-348.9,-341.1,-341.8,-345.6,-334.5,-338.4,-341.8,-329.4,-347.9,-347.2,-340.7,-356.3,-347.3,-348.8,-347.2,-356.8,-355.8,-349,-338.4,-351.3,-342,-349,-346.8,-348,-351.6,-348.8,-347,-351.5,-347.8
